{
  "project_info": {
    "project_number": "582906932020",
    "firebase_url": "https://ml-kit-codelab-40d67.firebaseio.com",
    "project_id": "ml-kit-codelab-40d67",
    "storage_bucket": "ml-kit-codelab-40d67.appspot.com"
  },
  "client": [
    {
      "client_info": {
        "mobilesdk_app_id": "1:582906932020:android:86e2da2580d12981",
        "android_client_info": {
          "package_name": "com.sanjana.barcode"
        }
      },
      "oauth_client": [
        {
          "client_id": "582906932020-pji9tls6o62stn3u80o507369h45p3pu.apps.googleusercontent.com",
          "client_type": 3
        }
      ],
      "api_key": [
        {
          "current_key": "AIzaSyDfM-Hg9lFoHeHEGxRI5wzc8flR1FHtosc"
        }
      ],
      "services": {
        "appinvite_service": {
          "other_platform_oauth_client": [
            {
              "client_id": "582906932020-pji9tls6o62stn3u80o507369h45p3pu.apps.googleusercontent.com",
              "client_type": 3
            }
          ]
        }
      }
    }
  ],
  "configuration_version": "1"
}